id_ligne;designation;lot;famille;batiment;niveau;statut_ligne;QTE;PU_LOCAL;MONTANT_LOCAL;FOB_UNITAIRE;IMPORT_UNITAIRE;PU_IMPORT_HT;CAPEX_IMPORT;CAPEX_LOCAL;PRIX_IMPORT_TTC;CAPEX_OPTIMISE;ECONOMIE_NETTE;TAUX_IMPORT;TAUX_ECONOMIE;DECISION;DECISION_IMPORT;SCORE_CONFIANCE;CLE_ANALYSE
OBJ_00001;Spot LED encastré;LOT_ELEC;default;BAT_01;N1;OK;24.0;15000.0;360000.0;8250.0;12540.0;12540.0;300960.0;360000.0;300960.0;300960.0;59040.0;0.836;0.164;IMPORT;IMPORT;0.8;default|IMPORT
OBJ_00002;Prise 2P+T;LOT_ELEC;default;BAT_01;N1;OK;18.0;12000.0;216000.0;6600.0;10032.0;10032.0;180576.0;216000.0;180576.0;180576.0;35424.0;0.836;0.164;IMPORT;IMPORT;0.8;default|IMPORT
OBJ_00003;Carrelage 120x120;LOT_CAR;default;BAT_01;N1;OK;70.0;28000.0;1960000.0;15400.0;23408.0;23408.0;1638560.0;1960000.0;1638560.0;1638560.0;321440.0;0.836;0.164;IMPORT;IMPORT;0.8;default|IMPORT
OBJ_00004;Faux plafond BA13;LOT_FP;default;BAT_01;N1;OK;70.0;18000.0;1260000.0;9900.0;15048.0;15048.0;1053360.0;1260000.0;1053360.0;1053360.0;206640.0;0.836;0.164;IMPORT;IMPORT;0.8;default|IMPORT
OBJ_00005;Peinture satinée murs;LOT_PNT;peinture;BAT_01;N1;OK;70.0;6500.0;455000.0;3575.0;5434.0;5434.0;380380.0;455000.0;380380.0;380380.0;74620.0;0.836;0.164;IMPORT;IMPORT;0.85;peinture|IMPORT
OBJ_00006;Split mural;LOT_CVC;default;BAT_01;N1;OK;1.0;450000.0;450000.0;247500.0;376200.0;376200.0;376200.0;450000.0;376200.0;376200.0;73800.0;0.836;0.164;IMPORT;IMPORT;0.8;default|IMPORT
OBJ_00007;Spot LED encastré;LOT_ELEC;default;BAT_01;N1;OK;8.0;15000.0;120000.0;8250.0;12540.0;12540.0;100320.0;120000.0;100320.0;100320.0;19680.0;0.836;0.164;IMPORT;IMPORT;0.8;default|IMPORT
OBJ_00008;Prise 2P+T;LOT_ELEC;default;BAT_01;N1;OK;6.0;12000.0;72000.0;6600.0;10032.0;10032.0;60192.0;72000.0;60192.0;60192.0;11808.0;0.836;0.164;IMPORT;IMPORT;0.8;default|IMPORT
OBJ_00009;Carrelage 120x120;LOT_CAR;default;BAT_01;N1;OK;18.0;28000.0;504000.0;15400.0;23408.0;23408.0;421344.0;504000.0;421344.0;421344.0;82656.0;0.836;0.164;IMPORT;IMPORT;0.8;default|IMPORT
OBJ_00010;Faux plafond BA13;LOT_FP;default;BAT_01;N1;OK;18.0;18000.0;324000.0;9900.0;15048.0;15048.0;270864.0;324000.0;270864.0;270864.0;53136.0;0.836;0.164;IMPORT;IMPORT;0.8;default|IMPORT
OBJ_00011;Peinture satinée murs;LOT_PNT;peinture;BAT_01;N1;OK;18.0;6500.0;117000.0;3575.0;5434.0;5434.0;97812.0;117000.0;97812.0;97812.0;19188.0;0.836;0.164;IMPORT;IMPORT;0.85;peinture|IMPORT
OBJ_00012;Split mural;LOT_CVC;default;BAT_01;N1;OK;1.0;450000.0;450000.0;247500.0;376200.0;376200.0;376200.0;450000.0;376200.0;376200.0;73800.0;0.836;0.164;IMPORT;IMPORT;0.8;default|IMPORT
OBJ_00013;Spot LED encastré;LOT_ELEC;default;BAT_01;N1;OK;8.0;15000.0;120000.0;8250.0;12540.0;12540.0;100320.0;120000.0;100320.0;100320.0;19680.0;0.836;0.164;IMPORT;IMPORT;0.8;default|IMPORT
OBJ_00014;Prise 2P+T;LOT_ELEC;default;BAT_01;N1;OK;6.0;12000.0;72000.0;6600.0;10032.0;10032.0;60192.0;72000.0;60192.0;60192.0;11808.0;0.836;0.164;IMPORT;IMPORT;0.8;default|IMPORT
OBJ_00015;Carrelage 120x120;LOT_CAR;default;BAT_01;N1;OK;27.0;28000.0;756000.0;15400.0;23408.0;23408.0;632016.0;756000.0;632016.0;632016.0;123984.0;0.836;0.164;IMPORT;IMPORT;0.8;default|IMPORT
OBJ_00016;Faux plafond BA13;LOT_FP;default;BAT_01;N1;OK;27.0;18000.0;486000.0;9900.0;15048.0;15048.0;406296.0;486000.0;406296.0;406296.0;79704.0;0.836;0.164;IMPORT;IMPORT;0.8;default|IMPORT
OBJ_00017;Peinture satinée murs;LOT_PNT;peinture;BAT_01;N1;OK;27.0;6500.0;175500.0;3575.0;5434.0;5434.0;146718.0;175500.0;146718.0;146718.0;28782.0;0.836;0.164;IMPORT;IMPORT;0.85;peinture|IMPORT
OBJ_00018;Split mural;LOT_CVC;default;BAT_01;N1;OK;1.0;450000.0;450000.0;247500.0;376200.0;376200.0;376200.0;450000.0;376200.0;376200.0;73800.0;0.836;0.164;IMPORT;IMPORT;0.8;default|IMPORT
OBJ_00019;Spot LED encastré;LOT_ELEC;default;BAT_01;N1;OK;8.0;15000.0;120000.0;8250.0;12540.0;12540.0;100320.0;120000.0;100320.0;100320.0;19680.0;0.836;0.164;IMPORT;IMPORT;0.8;default|IMPORT
OBJ_00020;Prise 2P+T;LOT_ELEC;default;BAT_01;N1;OK;6.0;12000.0;72000.0;6600.0;10032.0;10032.0;60192.0;72000.0;60192.0;60192.0;11808.0;0.836;0.164;IMPORT;IMPORT;0.8;default|IMPORT
OBJ_00021;Carrelage 120x120;LOT_CAR;default;BAT_01;N1;OK;16.0;28000.0;448000.0;15400.0;23408.0;23408.0;374528.0;448000.0;374528.0;374528.0;73472.0;0.836;0.164;IMPORT;IMPORT;0.8;default|IMPORT
OBJ_00022;Faux plafond BA13;LOT_FP;default;BAT_01;N1;OK;16.0;18000.0;288000.0;9900.0;15048.0;15048.0;240768.0;288000.0;240768.0;240768.0;47232.0;0.836;0.164;IMPORT;IMPORT;0.8;default|IMPORT
OBJ_00023;Peinture satinée murs;LOT_PNT;peinture;BAT_01;N1;OK;16.0;6500.0;104000.0;3575.0;5434.0;5434.0;86944.0;104000.0;86944.0;86944.0;17056.0;0.836;0.164;IMPORT;IMPORT;0.85;peinture|IMPORT
OBJ_00024;Split mural;LOT_CVC;default;BAT_01;N1;OK;1.0;450000.0;450000.0;247500.0;376200.0;376200.0;376200.0;450000.0;376200.0;376200.0;73800.0;0.836;0.164;IMPORT;IMPORT;0.8;default|IMPORT
OBJ_00025;Spot LED encastré;LOT_ELEC;default;BAT_01;N1;OK;8.0;15000.0;120000.0;8250.0;12540.0;12540.0;100320.0;120000.0;100320.0;100320.0;19680.0;0.836;0.164;IMPORT;IMPORT;0.8;default|IMPORT
OBJ_00026;Prise 2P+T;LOT_ELEC;default;BAT_01;N1;OK;6.0;12000.0;72000.0;6600.0;10032.0;10032.0;60192.0;72000.0;60192.0;60192.0;11808.0;0.836;0.164;IMPORT;IMPORT;0.8;default|IMPORT
OBJ_00027;Carrelage 120x120;LOT_CAR;default;BAT_01;N1;OK;18.0;28000.0;504000.0;15400.0;23408.0;23408.0;421344.0;504000.0;421344.0;421344.0;82656.0;0.836;0.164;IMPORT;IMPORT;0.8;default|IMPORT
OBJ_00028;Faux plafond BA13;LOT_FP;default;BAT_01;N1;OK;18.0;18000.0;324000.0;9900.0;15048.0;15048.0;270864.0;324000.0;270864.0;270864.0;53136.0;0.836;0.164;IMPORT;IMPORT;0.8;default|IMPORT
OBJ_00029;Peinture satinée murs;LOT_PNT;peinture;BAT_01;N1;OK;18.0;6500.0;117000.0;3575.0;5434.0;5434.0;97812.0;117000.0;97812.0;97812.0;19188.0;0.836;0.164;IMPORT;IMPORT;0.85;peinture|IMPORT
OBJ_00030;Split mural;LOT_CVC;default;BAT_01;N1;OK;1.0;450000.0;450000.0;247500.0;376200.0;376200.0;376200.0;450000.0;376200.0;376200.0;73800.0;0.836;0.164;IMPORT;IMPORT;0.8;default|IMPORT
OBJ_00031;Spot LED encastré;LOT_ELEC;default;BAT_01;N1;OK;8.0;15000.0;120000.0;8250.0;12540.0;12540.0;100320.0;120000.0;100320.0;100320.0;19680.0;0.836;0.164;IMPORT;IMPORT;0.8;default|IMPORT
OBJ_00032;Prise 2P+T;LOT_ELEC;default;BAT_01;N1;OK;6.0;12000.0;72000.0;6600.0;10032.0;10032.0;60192.0;72000.0;60192.0;60192.0;11808.0;0.836;0.164;IMPORT;IMPORT;0.8;default|IMPORT
OBJ_00033;Carrelage 120x120;LOT_CAR;default;BAT_01;N1;OK;8.0;28000.0;224000.0;15400.0;23408.0;23408.0;187264.0;224000.0;187264.0;187264.0;36736.0;0.836;0.164;IMPORT;IMPORT;0.8;default|IMPORT
OBJ_00034;Faux plafond BA13;LOT_FP;default;BAT_01;N1;OK;8.0;18000.0;144000.0;9900.0;15048.0;15048.0;120384.0;144000.0;120384.0;120384.0;23616.0;0.836;0.164;IMPORT;IMPORT;0.8;default|IMPORT
OBJ_00035;Peinture satinée murs;LOT_PNT;peinture;BAT_01;N1;OK;8.0;6500.0;52000.0;3575.0;5434.0;5434.0;43472.0;52000.0;43472.0;43472.0;8528.0;0.836;0.164;IMPORT;IMPORT;0.85;peinture|IMPORT
OBJ_00036;Split mural;LOT_CVC;default;BAT_01;N1;OK;1.0;450000.0;450000.0;247500.0;376200.0;376200.0;376200.0;450000.0;376200.0;376200.0;73800.0;0.836;0.164;IMPORT;IMPORT;0.8;default|IMPORT
OBJ_00037;Spot LED encastré;LOT_ELEC;default;BAT_01;N1;OK;8.0;15000.0;120000.0;8250.0;12540.0;12540.0;100320.0;120000.0;100320.0;100320.0;19680.0;0.836;0.164;IMPORT;IMPORT;0.8;default|IMPORT
OBJ_00038;Prise 2P+T;LOT_ELEC;default;BAT_01;N1;OK;6.0;12000.0;72000.0;6600.0;10032.0;10032.0;60192.0;72000.0;60192.0;60192.0;11808.0;0.836;0.164;IMPORT;IMPORT;0.8;default|IMPORT
OBJ_00039;Carrelage 120x120;LOT_CAR;default;BAT_01;N1;OK;4.2;28000.0;117600.0;15400.0;23408.0;23408.0;98313.6;117600.0;98313.6;98313.6;19286.4;0.836;0.164;IMPORT;IMPORT;0.8;default|IMPORT
OBJ_00040;Faux plafond BA13;LOT_FP;default;BAT_01;N1;OK;4.2;18000.0;75600.0;9900.0;15048.0;15048.0;63201.6;75600.0;63201.6;63201.6;12398.4;0.836;0.164;IMPORT;IMPORT;0.8;default|IMPORT
OBJ_00041;Peinture satinée murs;LOT_PNT;peinture;BAT_01;N1;OK;4.2;6500.0;27300.0;3575.0;5434.0;5434.0;22822.8;27300.0;22822.8;22822.8;4477.2;0.836;0.164;IMPORT;IMPORT;0.85;peinture|IMPORT
OBJ_00042;Split mural;LOT_CVC;default;BAT_01;N1;OK;1.0;450000.0;450000.0;247500.0;376200.0;376200.0;376200.0;450000.0;376200.0;376200.0;73800.0;0.836;0.164;IMPORT;IMPORT;0.8;default|IMPORT
OBJ_00043;Spot LED encastré;LOT_ELEC;default;BAT_01;N1;OK;8.0;15000.0;120000.0;8250.0;12540.0;12540.0;100320.0;120000.0;100320.0;100320.0;19680.0;0.836;0.164;IMPORT;IMPORT;0.8;default|IMPORT
OBJ_00044;Prise 2P+T;LOT_ELEC;default;BAT_01;N1;OK;6.0;12000.0;72000.0;6600.0;10032.0;10032.0;60192.0;72000.0;60192.0;60192.0;11808.0;0.836;0.164;IMPORT;IMPORT;0.8;default|IMPORT
OBJ_00045;Carrelage 120x120;LOT_CAR;default;BAT_01;N1;OK;22.0;28000.0;616000.0;15400.0;23408.0;23408.0;514976.0;616000.0;514976.0;514976.0;101024.0;0.836;0.164;IMPORT;IMPORT;0.8;default|IMPORT
OBJ_00046;Faux plafond BA13;LOT_FP;default;BAT_01;N1;OK;22.0;18000.0;396000.0;9900.0;15048.0;15048.0;331056.0;396000.0;331056.0;331056.0;64944.0;0.836;0.164;IMPORT;IMPORT;0.8;default|IMPORT
OBJ_00047;Peinture satinée murs;LOT_PNT;peinture;BAT_01;N1;OK;22.0;6500.0;143000.0;3575.0;5434.0;5434.0;119548.0;143000.0;119548.0;119548.0;23452.0;0.836;0.164;IMPORT;IMPORT;0.85;peinture|IMPORT
OBJ_00048;Split mural;LOT_CVC;default;BAT_01;N1;OK;1.0;450000.0;450000.0;247500.0;376200.0;376200.0;376200.0;450000.0;376200.0;376200.0;73800.0;0.836;0.164;IMPORT;IMPORT;0.8;default|IMPORT
OBJ_00049;Spot LED encastré;LOT_ELEC;default;BAT_01;N1;OK;24.0;15000.0;360000.0;8250.0;12540.0;12540.0;300960.0;360000.0;300960.0;300960.0;59040.0;0.836;0.164;IMPORT;IMPORT;0.8;default|IMPORT
OBJ_00050;Prise 2P+T;LOT_ELEC;default;BAT_01;N1;OK;18.0;12000.0;216000.0;6600.0;10032.0;10032.0;180576.0;216000.0;180576.0;180576.0;35424.0;0.836;0.164;IMPORT;IMPORT;0.8;default|IMPORT
OBJ_00051;Carrelage 120x120;LOT_CAR;default;BAT_01;N1;OK;70.0;28000.0;1960000.0;15400.0;23408.0;23408.0;1638560.0;1960000.0;1638560.0;1638560.0;321440.0;0.836;0.164;IMPORT;IMPORT;0.8;default|IMPORT
OBJ_00052;Faux plafond BA13;LOT_FP;default;BAT_01;N1;OK;70.0;18000.0;1260000.0;9900.0;15048.0;15048.0;1053360.0;1260000.0;1053360.0;1053360.0;206640.0;0.836;0.164;IMPORT;IMPORT;0.8;default|IMPORT
OBJ_00053;Peinture satinée murs;LOT_PNT;peinture;BAT_01;N1;OK;70.0;6500.0;455000.0;3575.0;5434.0;5434.0;380380.0;455000.0;380380.0;380380.0;74620.0;0.836;0.164;IMPORT;IMPORT;0.85;peinture|IMPORT
OBJ_00054;Split mural;LOT_CVC;default;BAT_01;N1;OK;1.0;450000.0;450000.0;247500.0;376200.0;376200.0;376200.0;450000.0;376200.0;376200.0;73800.0;0.836;0.164;IMPORT;IMPORT;0.8;default|IMPORT
OBJ_00055;Spot LED encastré;LOT_ELEC;default;BAT_01;N1;OK;8.0;15000.0;120000.0;8250.0;12540.0;12540.0;100320.0;120000.0;100320.0;100320.0;19680.0;0.836;0.164;IMPORT;IMPORT;0.8;default|IMPORT
OBJ_00056;Prise 2P+T;LOT_ELEC;default;BAT_01;N1;OK;6.0;12000.0;72000.0;6600.0;10032.0;10032.0;60192.0;72000.0;60192.0;60192.0;11808.0;0.836;0.164;IMPORT;IMPORT;0.8;default|IMPORT
OBJ_00057;Carrelage 120x120;LOT_CAR;default;BAT_01;N1;OK;18.0;28000.0;504000.0;15400.0;23408.0;23408.0;421344.0;504000.0;421344.0;421344.0;82656.0;0.836;0.164;IMPORT;IMPORT;0.8;default|IMPORT
OBJ_00058;Faux plafond BA13;LOT_FP;default;BAT_01;N1;OK;18.0;18000.0;324000.0;9900.0;15048.0;15048.0;270864.0;324000.0;270864.0;270864.0;53136.0;0.836;0.164;IMPORT;IMPORT;0.8;default|IMPORT
OBJ_00059;Peinture satinée murs;LOT_PNT;peinture;BAT_01;N1;OK;18.0;6500.0;117000.0;3575.0;5434.0;5434.0;97812.0;117000.0;97812.0;97812.0;19188.0;0.836;0.164;IMPORT;IMPORT;0.85;peinture|IMPORT
OBJ_00060;Split mural;LOT_CVC;default;BAT_01;N1;OK;1.0;450000.0;450000.0;247500.0;376200.0;376200.0;376200.0;450000.0;376200.0;376200.0;73800.0;0.836;0.164;IMPORT;IMPORT;0.8;default|IMPORT
OBJ_00061;Spot LED encastré;LOT_ELEC;default;BAT_01;N1;OK;8.0;15000.0;120000.0;8250.0;12540.0;12540.0;100320.0;120000.0;100320.0;100320.0;19680.0;0.836;0.164;IMPORT;IMPORT;0.8;default|IMPORT
OBJ_00062;Prise 2P+T;LOT_ELEC;default;BAT_01;N1;OK;6.0;12000.0;72000.0;6600.0;10032.0;10032.0;60192.0;72000.0;60192.0;60192.0;11808.0;0.836;0.164;IMPORT;IMPORT;0.8;default|IMPORT
OBJ_00063;Carrelage 120x120;LOT_CAR;default;BAT_01;N1;OK;27.0;28000.0;756000.0;15400.0;23408.0;23408.0;632016.0;756000.0;632016.0;632016.0;123984.0;0.836;0.164;IMPORT;IMPORT;0.8;default|IMPORT
OBJ_00064;Faux plafond BA13;LOT_FP;default;BAT_01;N1;OK;27.0;18000.0;486000.0;9900.0;15048.0;15048.0;406296.0;486000.0;406296.0;406296.0;79704.0;0.836;0.164;IMPORT;IMPORT;0.8;default|IMPORT
OBJ_00065;Peinture satinée murs;LOT_PNT;peinture;BAT_01;N1;OK;27.0;6500.0;175500.0;3575.0;5434.0;5434.0;146718.0;175500.0;146718.0;146718.0;28782.0;0.836;0.164;IMPORT;IMPORT;0.85;peinture|IMPORT
OBJ_00066;Split mural;LOT_CVC;default;BAT_01;N1;OK;1.0;450000.0;450000.0;247500.0;376200.0;376200.0;376200.0;450000.0;376200.0;376200.0;73800.0;0.836;0.164;IMPORT;IMPORT;0.8;default|IMPORT
OBJ_00067;Spot LED encastré;LOT_ELEC;default;BAT_01;N1;OK;8.0;15000.0;120000.0;8250.0;12540.0;12540.0;100320.0;120000.0;100320.0;100320.0;19680.0;0.836;0.164;IMPORT;IMPORT;0.8;default|IMPORT
OBJ_00068;Prise 2P+T;LOT_ELEC;default;BAT_01;N1;OK;6.0;12000.0;72000.0;6600.0;10032.0;10032.0;60192.0;72000.0;60192.0;60192.0;11808.0;0.836;0.164;IMPORT;IMPORT;0.8;default|IMPORT
OBJ_00069;Carrelage 120x120;LOT_CAR;default;BAT_01;N1;OK;16.0;28000.0;448000.0;15400.0;23408.0;23408.0;374528.0;448000.0;374528.0;374528.0;73472.0;0.836;0.164;IMPORT;IMPORT;0.8;default|IMPORT
OBJ_00070;Faux plafond BA13;LOT_FP;default;BAT_01;N1;OK;16.0;18000.0;288000.0;9900.0;15048.0;15048.0;240768.0;288000.0;240768.0;240768.0;47232.0;0.836;0.164;IMPORT;IMPORT;0.8;default|IMPORT
OBJ_00071;Peinture satinée murs;LOT_PNT;peinture;BAT_01;N1;OK;16.0;6500.0;104000.0;3575.0;5434.0;5434.0;86944.0;104000.0;86944.0;86944.0;17056.0;0.836;0.164;IMPORT;IMPORT;0.85;peinture|IMPORT
OBJ_00072;Split mural;LOT_CVC;default;BAT_01;N1;OK;1.0;450000.0;450000.0;247500.0;376200.0;376200.0;376200.0;450000.0;376200.0;376200.0;73800.0;0.836;0.164;IMPORT;IMPORT;0.8;default|IMPORT
OBJ_00073;Spot LED encastré;LOT_ELEC;default;BAT_01;N1;OK;8.0;15000.0;120000.0;8250.0;12540.0;12540.0;100320.0;120000.0;100320.0;100320.0;19680.0;0.836;0.164;IMPORT;IMPORT;0.8;default|IMPORT
OBJ_00074;Prise 2P+T;LOT_ELEC;default;BAT_01;N1;OK;6.0;12000.0;72000.0;6600.0;10032.0;10032.0;60192.0;72000.0;60192.0;60192.0;11808.0;0.836;0.164;IMPORT;IMPORT;0.8;default|IMPORT
OBJ_00075;Carrelage 120x120;LOT_CAR;default;BAT_01;N1;OK;18.0;28000.0;504000.0;15400.0;23408.0;23408.0;421344.0;504000.0;421344.0;421344.0;82656.0;0.836;0.164;IMPORT;IMPORT;0.8;default|IMPORT
OBJ_00076;Faux plafond BA13;LOT_FP;default;BAT_01;N1;OK;18.0;18000.0;324000.0;9900.0;15048.0;15048.0;270864.0;324000.0;270864.0;270864.0;53136.0;0.836;0.164;IMPORT;IMPORT;0.8;default|IMPORT
OBJ_00077;Peinture satinée murs;LOT_PNT;peinture;BAT_01;N1;OK;18.0;6500.0;117000.0;3575.0;5434.0;5434.0;97812.0;117000.0;97812.0;97812.0;19188.0;0.836;0.164;IMPORT;IMPORT;0.85;peinture|IMPORT
OBJ_00078;Split mural;LOT_CVC;default;BAT_01;N1;OK;1.0;450000.0;450000.0;247500.0;376200.0;376200.0;376200.0;450000.0;376200.0;376200.0;73800.0;0.836;0.164;IMPORT;IMPORT;0.8;default|IMPORT
OBJ_00079;Spot LED encastré;LOT_ELEC;default;BAT_01;N1;OK;8.0;15000.0;120000.0;8250.0;12540.0;12540.0;100320.0;120000.0;100320.0;100320.0;19680.0;0.836;0.164;IMPORT;IMPORT;0.8;default|IMPORT
OBJ_00080;Prise 2P+T;LOT_ELEC;default;BAT_01;N1;OK;6.0;12000.0;72000.0;6600.0;10032.0;10032.0;60192.0;72000.0;60192.0;60192.0;11808.0;0.836;0.164;IMPORT;IMPORT;0.8;default|IMPORT
OBJ_00081;Carrelage 120x120;LOT_CAR;default;BAT_01;N1;OK;8.0;28000.0;224000.0;15400.0;23408.0;23408.0;187264.0;224000.0;187264.0;187264.0;36736.0;0.836;0.164;IMPORT;IMPORT;0.8;default|IMPORT
OBJ_00082;Faux plafond BA13;LOT_FP;default;BAT_01;N1;OK;8.0;18000.0;144000.0;9900.0;15048.0;15048.0;120384.0;144000.0;120384.0;120384.0;23616.0;0.836;0.164;IMPORT;IMPORT;0.8;default|IMPORT
OBJ_00083;Peinture satinée murs;LOT_PNT;peinture;BAT_01;N1;OK;8.0;6500.0;52000.0;3575.0;5434.0;5434.0;43472.0;52000.0;43472.0;43472.0;8528.0;0.836;0.164;IMPORT;IMPORT;0.85;peinture|IMPORT
OBJ_00084;Split mural;LOT_CVC;default;BAT_01;N1;OK;1.0;450000.0;450000.0;247500.0;376200.0;376200.0;376200.0;450000.0;376200.0;376200.0;73800.0;0.836;0.164;IMPORT;IMPORT;0.8;default|IMPORT
OBJ_00085;Spot LED encastré;LOT_ELEC;default;BAT_01;N1;OK;8.0;15000.0;120000.0;8250.0;12540.0;12540.0;100320.0;120000.0;100320.0;100320.0;19680.0;0.836;0.164;IMPORT;IMPORT;0.8;default|IMPORT
OBJ_00086;Prise 2P+T;LOT_ELEC;default;BAT_01;N1;OK;6.0;12000.0;72000.0;6600.0;10032.0;10032.0;60192.0;72000.0;60192.0;60192.0;11808.0;0.836;0.164;IMPORT;IMPORT;0.8;default|IMPORT
OBJ_00087;Carrelage 120x120;LOT_CAR;default;BAT_01;N1;OK;4.2;28000.0;117600.0;15400.0;23408.0;23408.0;98313.6;117600.0;98313.6;98313.6;19286.4;0.836;0.164;IMPORT;IMPORT;0.8;default|IMPORT
OBJ_00088;Faux plafond BA13;LOT_FP;default;BAT_01;N1;OK;4.2;18000.0;75600.0;9900.0;15048.0;15048.0;63201.6;75600.0;63201.6;63201.6;12398.4;0.836;0.164;IMPORT;IMPORT;0.8;default|IMPORT
OBJ_00089;Peinture satinée murs;LOT_PNT;peinture;BAT_01;N1;OK;4.2;6500.0;27300.0;3575.0;5434.0;5434.0;22822.8;27300.0;22822.8;22822.8;4477.2;0.836;0.164;IMPORT;IMPORT;0.85;peinture|IMPORT
OBJ_00090;Split mural;LOT_CVC;default;BAT_01;N1;OK;1.0;450000.0;450000.0;247500.0;376200.0;376200.0;376200.0;450000.0;376200.0;376200.0;73800.0;0.836;0.164;IMPORT;IMPORT;0.8;default|IMPORT
OBJ_00091;Spot LED encastré;LOT_ELEC;default;BAT_01;N1;OK;8.0;15000.0;120000.0;8250.0;12540.0;12540.0;100320.0;120000.0;100320.0;100320.0;19680.0;0.836;0.164;IMPORT;IMPORT;0.8;default|IMPORT
OBJ_00092;Prise 2P+T;LOT_ELEC;default;BAT_01;N1;OK;6.0;12000.0;72000.0;6600.0;10032.0;10032.0;60192.0;72000.0;60192.0;60192.0;11808.0;0.836;0.164;IMPORT;IMPORT;0.8;default|IMPORT
OBJ_00093;Carrelage 120x120;LOT_CAR;default;BAT_01;N1;OK;22.0;28000.0;616000.0;15400.0;23408.0;23408.0;514976.0;616000.0;514976.0;514976.0;101024.0;0.836;0.164;IMPORT;IMPORT;0.8;default|IMPORT
OBJ_00094;Faux plafond BA13;LOT_FP;default;BAT_01;N1;OK;22.0;18000.0;396000.0;9900.0;15048.0;15048.0;331056.0;396000.0;331056.0;331056.0;64944.0;0.836;0.164;IMPORT;IMPORT;0.8;default|IMPORT
OBJ_00095;Peinture satinée murs;LOT_PNT;peinture;BAT_01;N1;OK;22.0;6500.0;143000.0;3575.0;5434.0;5434.0;119548.0;143000.0;119548.0;119548.0;23452.0;0.836;0.164;IMPORT;IMPORT;0.85;peinture|IMPORT
OBJ_00096;Split mural;LOT_CVC;default;BAT_01;N1;OK;1.0;450000.0;450000.0;247500.0;376200.0;376200.0;376200.0;450000.0;376200.0;376200.0;73800.0;0.836;0.164;IMPORT;IMPORT;0.8;default|IMPORT
OBJ_00097;Spot LED encastré;LOT_ELEC;default;BAT_01;N2;OK;24.0;15000.0;360000.0;8250.0;12540.0;12540.0;300960.0;360000.0;300960.0;300960.0;59040.0;0.836;0.164;IMPORT;IMPORT;0.8;default|IMPORT
OBJ_00098;Prise 2P+T;LOT_ELEC;default;BAT_01;N2;OK;18.0;12000.0;216000.0;6600.0;10032.0;10032.0;180576.0;216000.0;180576.0;180576.0;35424.0;0.836;0.164;IMPORT;IMPORT;0.8;default|IMPORT
OBJ_00099;Carrelage 120x120;LOT_CAR;default;BAT_01;N2;OK;70.0;28000.0;1960000.0;15400.0;23408.0;23408.0;1638560.0;1960000.0;1638560.0;1638560.0;321440.0;0.836;0.164;IMPORT;IMPORT;0.8;default|IMPORT
OBJ_00100;Faux plafond BA13;LOT_FP;default;BAT_01;N2;OK;70.0;18000.0;1260000.0;9900.0;15048.0;15048.0;1053360.0;1260000.0;1053360.0;1053360.0;206640.0;0.836;0.164;IMPORT;IMPORT;0.8;default|IMPORT
OBJ_00101;Peinture satinée murs;LOT_PNT;peinture;BAT_01;N2;OK;70.0;6500.0;455000.0;3575.0;5434.0;5434.0;380380.0;455000.0;380380.0;380380.0;74620.0;0.836;0.164;IMPORT;IMPORT;0.85;peinture|IMPORT
OBJ_00102;Split mural;LOT_CVC;default;BAT_01;N2;OK;1.0;450000.0;450000.0;247500.0;376200.0;376200.0;376200.0;450000.0;376200.0;376200.0;73800.0;0.836;0.164;IMPORT;IMPORT;0.8;default|IMPORT
OBJ_00103;Spot LED encastré;LOT_ELEC;default;BAT_01;N2;OK;8.0;15000.0;120000.0;8250.0;12540.0;12540.0;100320.0;120000.0;100320.0;100320.0;19680.0;0.836;0.164;IMPORT;IMPORT;0.8;default|IMPORT
OBJ_00104;Prise 2P+T;LOT_ELEC;default;BAT_01;N2;OK;6.0;12000.0;72000.0;6600.0;10032.0;10032.0;60192.0;72000.0;60192.0;60192.0;11808.0;0.836;0.164;IMPORT;IMPORT;0.8;default|IMPORT
OBJ_00105;Carrelage 120x120;LOT_CAR;default;BAT_01;N2;OK;18.0;28000.0;504000.0;15400.0;23408.0;23408.0;421344.0;504000.0;421344.0;421344.0;82656.0;0.836;0.164;IMPORT;IMPORT;0.8;default|IMPORT
OBJ_00106;Faux plafond BA13;LOT_FP;default;BAT_01;N2;OK;18.0;18000.0;324000.0;9900.0;15048.0;15048.0;270864.0;324000.0;270864.0;270864.0;53136.0;0.836;0.164;IMPORT;IMPORT;0.8;default|IMPORT
OBJ_00107;Peinture satinée murs;LOT_PNT;peinture;BAT_01;N2;OK;18.0;6500.0;117000.0;3575.0;5434.0;5434.0;97812.0;117000.0;97812.0;97812.0;19188.0;0.836;0.164;IMPORT;IMPORT;0.85;peinture|IMPORT
OBJ_00108;Split mural;LOT_CVC;default;BAT_01;N2;OK;1.0;450000.0;450000.0;247500.0;376200.0;376200.0;376200.0;450000.0;376200.0;376200.0;73800.0;0.836;0.164;IMPORT;IMPORT;0.8;default|IMPORT
OBJ_00109;Spot LED encastré;LOT_ELEC;default;BAT_01;N2;OK;8.0;15000.0;120000.0;8250.0;12540.0;12540.0;100320.0;120000.0;100320.0;100320.0;19680.0;0.836;0.164;IMPORT;IMPORT;0.8;default|IMPORT
OBJ_00110;Prise 2P+T;LOT_ELEC;default;BAT_01;N2;OK;6.0;12000.0;72000.0;6600.0;10032.0;10032.0;60192.0;72000.0;60192.0;60192.0;11808.0;0.836;0.164;IMPORT;IMPORT;0.8;default|IMPORT
OBJ_00111;Carrelage 120x120;LOT_CAR;default;BAT_01;N2;OK;27.0;28000.0;756000.0;15400.0;23408.0;23408.0;632016.0;756000.0;632016.0;632016.0;123984.0;0.836;0.164;IMPORT;IMPORT;0.8;default|IMPORT
OBJ_00112;Faux plafond BA13;LOT_FP;default;BAT_01;N2;OK;27.0;18000.0;486000.0;9900.0;15048.0;15048.0;406296.0;486000.0;406296.0;406296.0;79704.0;0.836;0.164;IMPORT;IMPORT;0.8;default|IMPORT
OBJ_00113;Peinture satinée murs;LOT_PNT;peinture;BAT_01;N2;OK;27.0;6500.0;175500.0;3575.0;5434.0;5434.0;146718.0;175500.0;146718.0;146718.0;28782.0;0.836;0.164;IMPORT;IMPORT;0.85;peinture|IMPORT
OBJ_00114;Split mural;LOT_CVC;default;BAT_01;N2;OK;1.0;450000.0;450000.0;247500.0;376200.0;376200.0;376200.0;450000.0;376200.0;376200.0;73800.0;0.836;0.164;IMPORT;IMPORT;0.8;default|IMPORT
OBJ_00115;Spot LED encastré;LOT_ELEC;default;BAT_01;N2;OK;8.0;15000.0;120000.0;8250.0;12540.0;12540.0;100320.0;120000.0;100320.0;100320.0;19680.0;0.836;0.164;IMPORT;IMPORT;0.8;default|IMPORT
OBJ_00116;Prise 2P+T;LOT_ELEC;default;BAT_01;N2;OK;6.0;12000.0;72000.0;6600.0;10032.0;10032.0;60192.0;72000.0;60192.0;60192.0;11808.0;0.836;0.164;IMPORT;IMPORT;0.8;default|IMPORT
OBJ_00117;Carrelage 120x120;LOT_CAR;default;BAT_01;N2;OK;16.0;28000.0;448000.0;15400.0;23408.0;23408.0;374528.0;448000.0;374528.0;374528.0;73472.0;0.836;0.164;IMPORT;IMPORT;0.8;default|IMPORT
OBJ_00118;Faux plafond BA13;LOT_FP;default;BAT_01;N2;OK;16.0;18000.0;288000.0;9900.0;15048.0;15048.0;240768.0;288000.0;240768.0;240768.0;47232.0;0.836;0.164;IMPORT;IMPORT;0.8;default|IMPORT
OBJ_00119;Peinture satinée murs;LOT_PNT;peinture;BAT_01;N2;OK;16.0;6500.0;104000.0;3575.0;5434.0;5434.0;86944.0;104000.0;86944.0;86944.0;17056.0;0.836;0.164;IMPORT;IMPORT;0.85;peinture|IMPORT
OBJ_00120;Split mural;LOT_CVC;default;BAT_01;N2;OK;1.0;450000.0;450000.0;247500.0;376200.0;376200.0;376200.0;450000.0;376200.0;376200.0;73800.0;0.836;0.164;IMPORT;IMPORT;0.8;default|IMPORT
OBJ_00121;Spot LED encastré;LOT_ELEC;default;BAT_01;N2;OK;8.0;15000.0;120000.0;8250.0;12540.0;12540.0;100320.0;120000.0;100320.0;100320.0;19680.0;0.836;0.164;IMPORT;IMPORT;0.8;default|IMPORT
OBJ_00122;Prise 2P+T;LOT_ELEC;default;BAT_01;N2;OK;6.0;12000.0;72000.0;6600.0;10032.0;10032.0;60192.0;72000.0;60192.0;60192.0;11808.0;0.836;0.164;IMPORT;IMPORT;0.8;default|IMPORT
OBJ_00123;Carrelage 120x120;LOT_CAR;default;BAT_01;N2;OK;18.0;28000.0;504000.0;15400.0;23408.0;23408.0;421344.0;504000.0;421344.0;421344.0;82656.0;0.836;0.164;IMPORT;IMPORT;0.8;default|IMPORT
OBJ_00124;Faux plafond BA13;LOT_FP;default;BAT_01;N2;OK;18.0;18000.0;324000.0;9900.0;15048.0;15048.0;270864.0;324000.0;270864.0;270864.0;53136.0;0.836;0.164;IMPORT;IMPORT;0.8;default|IMPORT
OBJ_00125;Peinture satinée murs;LOT_PNT;peinture;BAT_01;N2;OK;18.0;6500.0;117000.0;3575.0;5434.0;5434.0;97812.0;117000.0;97812.0;97812.0;19188.0;0.836;0.164;IMPORT;IMPORT;0.85;peinture|IMPORT
OBJ_00126;Split mural;LOT_CVC;default;BAT_01;N2;OK;1.0;450000.0;450000.0;247500.0;376200.0;376200.0;376200.0;450000.0;376200.0;376200.0;73800.0;0.836;0.164;IMPORT;IMPORT;0.8;default|IMPORT
OBJ_00127;Spot LED encastré;LOT_ELEC;default;BAT_01;N2;OK;8.0;15000.0;120000.0;8250.0;12540.0;12540.0;100320.0;120000.0;100320.0;100320.0;19680.0;0.836;0.164;IMPORT;IMPORT;0.8;default|IMPORT
OBJ_00128;Prise 2P+T;LOT_ELEC;default;BAT_01;N2;OK;6.0;12000.0;72000.0;6600.0;10032.0;10032.0;60192.0;72000.0;60192.0;60192.0;11808.0;0.836;0.164;IMPORT;IMPORT;0.8;default|IMPORT
OBJ_00129;Carrelage 120x120;LOT_CAR;default;BAT_01;N2;OK;8.0;28000.0;224000.0;15400.0;23408.0;23408.0;187264.0;224000.0;187264.0;187264.0;36736.0;0.836;0.164;IMPORT;IMPORT;0.8;default|IMPORT
OBJ_00130;Faux plafond BA13;LOT_FP;default;BAT_01;N2;OK;8.0;18000.0;144000.0;9900.0;15048.0;15048.0;120384.0;144000.0;120384.0;120384.0;23616.0;0.836;0.164;IMPORT;IMPORT;0.8;default|IMPORT
OBJ_00131;Peinture satinée murs;LOT_PNT;peinture;BAT_01;N2;OK;8.0;6500.0;52000.0;3575.0;5434.0;5434.0;43472.0;52000.0;43472.0;43472.0;8528.0;0.836;0.164;IMPORT;IMPORT;0.85;peinture|IMPORT
OBJ_00132;Split mural;LOT_CVC;default;BAT_01;N2;OK;1.0;450000.0;450000.0;247500.0;376200.0;376200.0;376200.0;450000.0;376200.0;376200.0;73800.0;0.836;0.164;IMPORT;IMPORT;0.8;default|IMPORT
OBJ_00133;Spot LED encastré;LOT_ELEC;default;BAT_01;N2;OK;8.0;15000.0;120000.0;8250.0;12540.0;12540.0;100320.0;120000.0;100320.0;100320.0;19680.0;0.836;0.164;IMPORT;IMPORT;0.8;default|IMPORT
OBJ_00134;Prise 2P+T;LOT_ELEC;default;BAT_01;N2;OK;6.0;12000.0;72000.0;6600.0;10032.0;10032.0;60192.0;72000.0;60192.0;60192.0;11808.0;0.836;0.164;IMPORT;IMPORT;0.8;default|IMPORT
OBJ_00135;Carrelage 120x120;LOT_CAR;default;BAT_01;N2;OK;4.2;28000.0;117600.0;15400.0;23408.0;23408.0;98313.6;117600.0;98313.6;98313.6;19286.4;0.836;0.164;IMPORT;IMPORT;0.8;default|IMPORT
OBJ_00136;Faux plafond BA13;LOT_FP;default;BAT_01;N2;OK;4.2;18000.0;75600.0;9900.0;15048.0;15048.0;63201.6;75600.0;63201.6;63201.6;12398.4;0.836;0.164;IMPORT;IMPORT;0.8;default|IMPORT
OBJ_00137;Peinture satinée murs;LOT_PNT;peinture;BAT_01;N2;OK;4.2;6500.0;27300.0;3575.0;5434.0;5434.0;22822.8;27300.0;22822.8;22822.8;4477.2;0.836;0.164;IMPORT;IMPORT;0.85;peinture|IMPORT
OBJ_00138;Split mural;LOT_CVC;default;BAT_01;N2;OK;1.0;450000.0;450000.0;247500.0;376200.0;376200.0;376200.0;450000.0;376200.0;376200.0;73800.0;0.836;0.164;IMPORT;IMPORT;0.8;default|IMPORT
OBJ_00139;Spot LED encastré;LOT_ELEC;default;BAT_01;N2;OK;8.0;15000.0;120000.0;8250.0;12540.0;12540.0;100320.0;120000.0;100320.0;100320.0;19680.0;0.836;0.164;IMPORT;IMPORT;0.8;default|IMPORT
OBJ_00140;Prise 2P+T;LOT_ELEC;default;BAT_01;N2;OK;6.0;12000.0;72000.0;6600.0;10032.0;10032.0;60192.0;72000.0;60192.0;60192.0;11808.0;0.836;0.164;IMPORT;IMPORT;0.8;default|IMPORT
OBJ_00141;Carrelage 120x120;LOT_CAR;default;BAT_01;N2;OK;22.0;28000.0;616000.0;15400.0;23408.0;23408.0;514976.0;616000.0;514976.0;514976.0;101024.0;0.836;0.164;IMPORT;IMPORT;0.8;default|IMPORT
OBJ_00142;Faux plafond BA13;LOT_FP;default;BAT_01;N2;OK;22.0;18000.0;396000.0;9900.0;15048.0;15048.0;331056.0;396000.0;331056.0;331056.0;64944.0;0.836;0.164;IMPORT;IMPORT;0.8;default|IMPORT
OBJ_00143;Peinture satinée murs;LOT_PNT;peinture;BAT_01;N2;OK;22.0;6500.0;143000.0;3575.0;5434.0;5434.0;119548.0;143000.0;119548.0;119548.0;23452.0;0.836;0.164;IMPORT;IMPORT;0.85;peinture|IMPORT
OBJ_00144;Split mural;LOT_CVC;default;BAT_01;N2;OK;1.0;450000.0;450000.0;247500.0;376200.0;376200.0;376200.0;450000.0;376200.0;376200.0;73800.0;0.836;0.164;IMPORT;IMPORT;0.8;default|IMPORT
OBJ_00145;Spot LED encastré;LOT_ELEC;default;BAT_01;N2;OK;24.0;15000.0;360000.0;8250.0;12540.0;12540.0;300960.0;360000.0;300960.0;300960.0;59040.0;0.836;0.164;IMPORT;IMPORT;0.8;default|IMPORT
OBJ_00146;Prise 2P+T;LOT_ELEC;default;BAT_01;N2;OK;18.0;12000.0;216000.0;6600.0;10032.0;10032.0;180576.0;216000.0;180576.0;180576.0;35424.0;0.836;0.164;IMPORT;IMPORT;0.8;default|IMPORT
OBJ_00147;Carrelage 120x120;LOT_CAR;default;BAT_01;N2;OK;70.0;28000.0;1960000.0;15400.0;23408.0;23408.0;1638560.0;1960000.0;1638560.0;1638560.0;321440.0;0.836;0.164;IMPORT;IMPORT;0.8;default|IMPORT
OBJ_00148;Faux plafond BA13;LOT_FP;default;BAT_01;N2;OK;70.0;18000.0;1260000.0;9900.0;15048.0;15048.0;1053360.0;1260000.0;1053360.0;1053360.0;206640.0;0.836;0.164;IMPORT;IMPORT;0.8;default|IMPORT
OBJ_00149;Peinture satinée murs;LOT_PNT;peinture;BAT_01;N2;OK;70.0;6500.0;455000.0;3575.0;5434.0;5434.0;380380.0;455000.0;380380.0;380380.0;74620.0;0.836;0.164;IMPORT;IMPORT;0.85;peinture|IMPORT
OBJ_00150;Split mural;LOT_CVC;default;BAT_01;N2;OK;1.0;450000.0;450000.0;247500.0;376200.0;376200.0;376200.0;450000.0;376200.0;376200.0;73800.0;0.836;0.164;IMPORT;IMPORT;0.8;default|IMPORT
OBJ_00151;Spot LED encastré;LOT_ELEC;default;BAT_01;N2;OK;8.0;15000.0;120000.0;8250.0;12540.0;12540.0;100320.0;120000.0;100320.0;100320.0;19680.0;0.836;0.164;IMPORT;IMPORT;0.8;default|IMPORT
OBJ_00152;Prise 2P+T;LOT_ELEC;default;BAT_01;N2;OK;6.0;12000.0;72000.0;6600.0;10032.0;10032.0;60192.0;72000.0;60192.0;60192.0;11808.0;0.836;0.164;IMPORT;IMPORT;0.8;default|IMPORT
OBJ_00153;Carrelage 120x120;LOT_CAR;default;BAT_01;N2;OK;18.0;28000.0;504000.0;15400.0;23408.0;23408.0;421344.0;504000.0;421344.0;421344.0;82656.0;0.836;0.164;IMPORT;IMPORT;0.8;default|IMPORT
OBJ_00154;Faux plafond BA13;LOT_FP;default;BAT_01;N2;OK;18.0;18000.0;324000.0;9900.0;15048.0;15048.0;270864.0;324000.0;270864.0;270864.0;53136.0;0.836;0.164;IMPORT;IMPORT;0.8;default|IMPORT
OBJ_00155;Peinture satinée murs;LOT_PNT;peinture;BAT_01;N2;OK;18.0;6500.0;117000.0;3575.0;5434.0;5434.0;97812.0;117000.0;97812.0;97812.0;19188.0;0.836;0.164;IMPORT;IMPORT;0.85;peinture|IMPORT
OBJ_00156;Split mural;LOT_CVC;default;BAT_01;N2;OK;1.0;450000.0;450000.0;247500.0;376200.0;376200.0;376200.0;450000.0;376200.0;376200.0;73800.0;0.836;0.164;IMPORT;IMPORT;0.8;default|IMPORT
OBJ_00157;Spot LED encastré;LOT_ELEC;default;BAT_01;N2;OK;8.0;15000.0;120000.0;8250.0;12540.0;12540.0;100320.0;120000.0;100320.0;100320.0;19680.0;0.836;0.164;IMPORT;IMPORT;0.8;default|IMPORT
OBJ_00158;Prise 2P+T;LOT_ELEC;default;BAT_01;N2;OK;6.0;12000.0;72000.0;6600.0;10032.0;10032.0;60192.0;72000.0;60192.0;60192.0;11808.0;0.836;0.164;IMPORT;IMPORT;0.8;default|IMPORT
OBJ_00159;Carrelage 120x120;LOT_CAR;default;BAT_01;N2;OK;27.0;28000.0;756000.0;15400.0;23408.0;23408.0;632016.0;756000.0;632016.0;632016.0;123984.0;0.836;0.164;IMPORT;IMPORT;0.8;default|IMPORT
OBJ_00160;Faux plafond BA13;LOT_FP;default;BAT_01;N2;OK;27.0;18000.0;486000.0;9900.0;15048.0;15048.0;406296.0;486000.0;406296.0;406296.0;79704.0;0.836;0.164;IMPORT;IMPORT;0.8;default|IMPORT
OBJ_00161;Peinture satinée murs;LOT_PNT;peinture;BAT_01;N2;OK;27.0;6500.0;175500.0;3575.0;5434.0;5434.0;146718.0;175500.0;146718.0;146718.0;28782.0;0.836;0.164;IMPORT;IMPORT;0.85;peinture|IMPORT
OBJ_00162;Split mural;LOT_CVC;default;BAT_01;N2;OK;1.0;450000.0;450000.0;247500.0;376200.0;376200.0;376200.0;450000.0;376200.0;376200.0;73800.0;0.836;0.164;IMPORT;IMPORT;0.8;default|IMPORT
OBJ_00163;Spot LED encastré;LOT_ELEC;default;BAT_01;N2;OK;8.0;15000.0;120000.0;8250.0;12540.0;12540.0;100320.0;120000.0;100320.0;100320.0;19680.0;0.836;0.164;IMPORT;IMPORT;0.8;default|IMPORT
OBJ_00164;Prise 2P+T;LOT_ELEC;default;BAT_01;N2;OK;6.0;12000.0;72000.0;6600.0;10032.0;10032.0;60192.0;72000.0;60192.0;60192.0;11808.0;0.836;0.164;IMPORT;IMPORT;0.8;default|IMPORT
OBJ_00165;Carrelage 120x120;LOT_CAR;default;BAT_01;N2;OK;16.0;28000.0;448000.0;15400.0;23408.0;23408.0;374528.0;448000.0;374528.0;374528.0;73472.0;0.836;0.164;IMPORT;IMPORT;0.8;default|IMPORT
OBJ_00166;Faux plafond BA13;LOT_FP;default;BAT_01;N2;OK;16.0;18000.0;288000.0;9900.0;15048.0;15048.0;240768.0;288000.0;240768.0;240768.0;47232.0;0.836;0.164;IMPORT;IMPORT;0.8;default|IMPORT
OBJ_00167;Peinture satinée murs;LOT_PNT;peinture;BAT_01;N2;OK;16.0;6500.0;104000.0;3575.0;5434.0;5434.0;86944.0;104000.0;86944.0;86944.0;17056.0;0.836;0.164;IMPORT;IMPORT;0.85;peinture|IMPORT
OBJ_00168;Split mural;LOT_CVC;default;BAT_01;N2;OK;1.0;450000.0;450000.0;247500.0;376200.0;376200.0;376200.0;450000.0;376200.0;376200.0;73800.0;0.836;0.164;IMPORT;IMPORT;0.8;default|IMPORT
OBJ_00169;Spot LED encastré;LOT_ELEC;default;BAT_01;N2;OK;8.0;15000.0;120000.0;8250.0;12540.0;12540.0;100320.0;120000.0;100320.0;100320.0;19680.0;0.836;0.164;IMPORT;IMPORT;0.8;default|IMPORT
OBJ_00170;Prise 2P+T;LOT_ELEC;default;BAT_01;N2;OK;6.0;12000.0;72000.0;6600.0;10032.0;10032.0;60192.0;72000.0;60192.0;60192.0;11808.0;0.836;0.164;IMPORT;IMPORT;0.8;default|IMPORT
OBJ_00171;Carrelage 120x120;LOT_CAR;default;BAT_01;N2;OK;18.0;28000.0;504000.0;15400.0;23408.0;23408.0;421344.0;504000.0;421344.0;421344.0;82656.0;0.836;0.164;IMPORT;IMPORT;0.8;default|IMPORT
OBJ_00172;Faux plafond BA13;LOT_FP;default;BAT_01;N2;OK;18.0;18000.0;324000.0;9900.0;15048.0;15048.0;270864.0;324000.0;270864.0;270864.0;53136.0;0.836;0.164;IMPORT;IMPORT;0.8;default|IMPORT
OBJ_00173;Peinture satinée murs;LOT_PNT;peinture;BAT_01;N2;OK;18.0;6500.0;117000.0;3575.0;5434.0;5434.0;97812.0;117000.0;97812.0;97812.0;19188.0;0.836;0.164;IMPORT;IMPORT;0.85;peinture|IMPORT
OBJ_00174;Split mural;LOT_CVC;default;BAT_01;N2;OK;1.0;450000.0;450000.0;247500.0;376200.0;376200.0;376200.0;450000.0;376200.0;376200.0;73800.0;0.836;0.164;IMPORT;IMPORT;0.8;default|IMPORT
OBJ_00175;Spot LED encastré;LOT_ELEC;default;BAT_01;N2;OK;8.0;15000.0;120000.0;8250.0;12540.0;12540.0;100320.0;120000.0;100320.0;100320.0;19680.0;0.836;0.164;IMPORT;IMPORT;0.8;default|IMPORT
OBJ_00176;Prise 2P+T;LOT_ELEC;default;BAT_01;N2;OK;6.0;12000.0;72000.0;6600.0;10032.0;10032.0;60192.0;72000.0;60192.0;60192.0;11808.0;0.836;0.164;IMPORT;IMPORT;0.8;default|IMPORT
OBJ_00177;Carrelage 120x120;LOT_CAR;default;BAT_01;N2;OK;8.0;28000.0;224000.0;15400.0;23408.0;23408.0;187264.0;224000.0;187264.0;187264.0;36736.0;0.836;0.164;IMPORT;IMPORT;0.8;default|IMPORT
OBJ_00178;Faux plafond BA13;LOT_FP;default;BAT_01;N2;OK;8.0;18000.0;144000.0;9900.0;15048.0;15048.0;120384.0;144000.0;120384.0;120384.0;23616.0;0.836;0.164;IMPORT;IMPORT;0.8;default|IMPORT
OBJ_00179;Peinture satinée murs;LOT_PNT;peinture;BAT_01;N2;OK;8.0;6500.0;52000.0;3575.0;5434.0;5434.0;43472.0;52000.0;43472.0;43472.0;8528.0;0.836;0.164;IMPORT;IMPORT;0.85;peinture|IMPORT
OBJ_00180;Split mural;LOT_CVC;default;BAT_01;N2;OK;1.0;450000.0;450000.0;247500.0;376200.0;376200.0;376200.0;450000.0;376200.0;376200.0;73800.0;0.836;0.164;IMPORT;IMPORT;0.8;default|IMPORT
OBJ_00181;Spot LED encastré;LOT_ELEC;default;BAT_01;N2;OK;8.0;15000.0;120000.0;8250.0;12540.0;12540.0;100320.0;120000.0;100320.0;100320.0;19680.0;0.836;0.164;IMPORT;IMPORT;0.8;default|IMPORT
OBJ_00182;Prise 2P+T;LOT_ELEC;default;BAT_01;N2;OK;6.0;12000.0;72000.0;6600.0;10032.0;10032.0;60192.0;72000.0;60192.0;60192.0;11808.0;0.836;0.164;IMPORT;IMPORT;0.8;default|IMPORT
OBJ_00183;Carrelage 120x120;LOT_CAR;default;BAT_01;N2;OK;4.2;28000.0;117600.0;15400.0;23408.0;23408.0;98313.6;117600.0;98313.6;98313.6;19286.4;0.836;0.164;IMPORT;IMPORT;0.8;default|IMPORT
OBJ_00184;Faux plafond BA13;LOT_FP;default;BAT_01;N2;OK;4.2;18000.0;75600.0;9900.0;15048.0;15048.0;63201.6;75600.0;63201.6;63201.6;12398.4;0.836;0.164;IMPORT;IMPORT;0.8;default|IMPORT
OBJ_00185;Peinture satinée murs;LOT_PNT;peinture;BAT_01;N2;OK;4.2;6500.0;27300.0;3575.0;5434.0;5434.0;22822.8;27300.0;22822.8;22822.8;4477.2;0.836;0.164;IMPORT;IMPORT;0.85;peinture|IMPORT
OBJ_00186;Split mural;LOT_CVC;default;BAT_01;N2;OK;1.0;450000.0;450000.0;247500.0;376200.0;376200.0;376200.0;450000.0;376200.0;376200.0;73800.0;0.836;0.164;IMPORT;IMPORT;0.8;default|IMPORT
OBJ_00187;Spot LED encastré;LOT_ELEC;default;BAT_01;N2;OK;8.0;15000.0;120000.0;8250.0;12540.0;12540.0;100320.0;120000.0;100320.0;100320.0;19680.0;0.836;0.164;IMPORT;IMPORT;0.8;default|IMPORT
OBJ_00188;Prise 2P+T;LOT_ELEC;default;BAT_01;N2;OK;6.0;12000.0;72000.0;6600.0;10032.0;10032.0;60192.0;72000.0;60192.0;60192.0;11808.0;0.836;0.164;IMPORT;IMPORT;0.8;default|IMPORT
OBJ_00189;Carrelage 120x120;LOT_CAR;default;BAT_01;N2;OK;22.0;28000.0;616000.0;15400.0;23408.0;23408.0;514976.0;616000.0;514976.0;514976.0;101024.0;0.836;0.164;IMPORT;IMPORT;0.8;default|IMPORT
OBJ_00190;Faux plafond BA13;LOT_FP;default;BAT_01;N2;OK;22.0;18000.0;396000.0;9900.0;15048.0;15048.0;331056.0;396000.0;331056.0;331056.0;64944.0;0.836;0.164;IMPORT;IMPORT;0.8;default|IMPORT
OBJ_00191;Peinture satinée murs;LOT_PNT;peinture;BAT_01;N2;OK;22.0;6500.0;143000.0;3575.0;5434.0;5434.0;119548.0;143000.0;119548.0;119548.0;23452.0;0.836;0.164;IMPORT;IMPORT;0.85;peinture|IMPORT
OBJ_00192;Split mural;LOT_CVC;default;BAT_01;N2;OK;1.0;450000.0;450000.0;247500.0;376200.0;376200.0;376200.0;450000.0;376200.0;376200.0;73800.0;0.836;0.164;IMPORT;IMPORT;0.8;default|IMPORT
OBJ_00193;Spot LED encastré;LOT_ELEC;default;BAT_01;N3;OK;24.0;15000.0;360000.0;8250.0;12540.0;12540.0;300960.0;360000.0;300960.0;300960.0;59040.0;0.836;0.164;IMPORT;IMPORT;0.8;default|IMPORT
OBJ_00194;Prise 2P+T;LOT_ELEC;default;BAT_01;N3;OK;18.0;12000.0;216000.0;6600.0;10032.0;10032.0;180576.0;216000.0;180576.0;180576.0;35424.0;0.836;0.164;IMPORT;IMPORT;0.8;default|IMPORT
OBJ_00195;Carrelage 120x120;LOT_CAR;default;BAT_01;N3;OK;70.0;28000.0;1960000.0;15400.0;23408.0;23408.0;1638560.0;1960000.0;1638560.0;1638560.0;321440.0;0.836;0.164;IMPORT;IMPORT;0.8;default|IMPORT
OBJ_00196;Faux plafond BA13;LOT_FP;default;BAT_01;N3;OK;70.0;18000.0;1260000.0;9900.0;15048.0;15048.0;1053360.0;1260000.0;1053360.0;1053360.0;206640.0;0.836;0.164;IMPORT;IMPORT;0.8;default|IMPORT
OBJ_00197;Peinture satinée murs;LOT_PNT;peinture;BAT_01;N3;OK;70.0;6500.0;455000.0;3575.0;5434.0;5434.0;380380.0;455000.0;380380.0;380380.0;74620.0;0.836;0.164;IMPORT;IMPORT;0.85;peinture|IMPORT
OBJ_00198;Split mural;LOT_CVC;default;BAT_01;N3;OK;1.0;450000.0;450000.0;247500.0;376200.0;376200.0;376200.0;450000.0;376200.0;376200.0;73800.0;0.836;0.164;IMPORT;IMPORT;0.8;default|IMPORT
OBJ_00199;Spot LED encastré;LOT_ELEC;default;BAT_01;N3;OK;8.0;15000.0;120000.0;8250.0;12540.0;12540.0;100320.0;120000.0;100320.0;100320.0;19680.0;0.836;0.164;IMPORT;IMPORT;0.8;default|IMPORT
OBJ_00200;Prise 2P+T;LOT_ELEC;default;BAT_01;N3;OK;6.0;12000.0;72000.0;6600.0;10032.0;10032.0;60192.0;72000.0;60192.0;60192.0;11808.0;0.836;0.164;IMPORT;IMPORT;0.8;default|IMPORT
OBJ_00201;Carrelage 120x120;LOT_CAR;default;BAT_01;N3;OK;18.0;28000.0;504000.0;15400.0;23408.0;23408.0;421344.0;504000.0;421344.0;421344.0;82656.0;0.836;0.164;IMPORT;IMPORT;0.8;default|IMPORT
OBJ_00202;Faux plafond BA13;LOT_FP;default;BAT_01;N3;OK;18.0;18000.0;324000.0;9900.0;15048.0;15048.0;270864.0;324000.0;270864.0;270864.0;53136.0;0.836;0.164;IMPORT;IMPORT;0.8;default|IMPORT
OBJ_00203;Peinture satinée murs;LOT_PNT;peinture;BAT_01;N3;OK;18.0;6500.0;117000.0;3575.0;5434.0;5434.0;97812.0;117000.0;97812.0;97812.0;19188.0;0.836;0.164;IMPORT;IMPORT;0.85;peinture|IMPORT
OBJ_00204;Split mural;LOT_CVC;default;BAT_01;N3;OK;1.0;450000.0;450000.0;247500.0;376200.0;376200.0;376200.0;450000.0;376200.0;376200.0;73800.0;0.836;0.164;IMPORT;IMPORT;0.8;default|IMPORT
OBJ_00205;Spot LED encastré;LOT_ELEC;default;BAT_01;N3;OK;8.0;15000.0;120000.0;8250.0;12540.0;12540.0;100320.0;120000.0;100320.0;100320.0;19680.0;0.836;0.164;IMPORT;IMPORT;0.8;default|IMPORT
OBJ_00206;Prise 2P+T;LOT_ELEC;default;BAT_01;N3;OK;6.0;12000.0;72000.0;6600.0;10032.0;10032.0;60192.0;72000.0;60192.0;60192.0;11808.0;0.836;0.164;IMPORT;IMPORT;0.8;default|IMPORT
OBJ_00207;Carrelage 120x120;LOT_CAR;default;BAT_01;N3;OK;27.0;28000.0;756000.0;15400.0;23408.0;23408.0;632016.0;756000.0;632016.0;632016.0;123984.0;0.836;0.164;IMPORT;IMPORT;0.8;default|IMPORT
OBJ_00208;Faux plafond BA13;LOT_FP;default;BAT_01;N3;OK;27.0;18000.0;486000.0;9900.0;15048.0;15048.0;406296.0;486000.0;406296.0;406296.0;79704.0;0.836;0.164;IMPORT;IMPORT;0.8;default|IMPORT
OBJ_00209;Peinture satinée murs;LOT_PNT;peinture;BAT_01;N3;OK;27.0;6500.0;175500.0;3575.0;5434.0;5434.0;146718.0;175500.0;146718.0;146718.0;28782.0;0.836;0.164;IMPORT;IMPORT;0.85;peinture|IMPORT
OBJ_00210;Split mural;LOT_CVC;default;BAT_01;N3;OK;1.0;450000.0;450000.0;247500.0;376200.0;376200.0;376200.0;450000.0;376200.0;376200.0;73800.0;0.836;0.164;IMPORT;IMPORT;0.8;default|IMPORT
OBJ_00211;Spot LED encastré;LOT_ELEC;default;BAT_01;N3;OK;8.0;15000.0;120000.0;8250.0;12540.0;12540.0;100320.0;120000.0;100320.0;100320.0;19680.0;0.836;0.164;IMPORT;IMPORT;0.8;default|IMPORT
OBJ_00212;Prise 2P+T;LOT_ELEC;default;BAT_01;N3;OK;6.0;12000.0;72000.0;6600.0;10032.0;10032.0;60192.0;72000.0;60192.0;60192.0;11808.0;0.836;0.164;IMPORT;IMPORT;0.8;default|IMPORT
OBJ_00213;Carrelage 120x120;LOT_CAR;default;BAT_01;N3;OK;16.0;28000.0;448000.0;15400.0;23408.0;23408.0;374528.0;448000.0;374528.0;374528.0;73472.0;0.836;0.164;IMPORT;IMPORT;0.8;default|IMPORT
OBJ_00214;Faux plafond BA13;LOT_FP;default;BAT_01;N3;OK;16.0;18000.0;288000.0;9900.0;15048.0;15048.0;240768.0;288000.0;240768.0;240768.0;47232.0;0.836;0.164;IMPORT;IMPORT;0.8;default|IMPORT
OBJ_00215;Peinture satinée murs;LOT_PNT;peinture;BAT_01;N3;OK;16.0;6500.0;104000.0;3575.0;5434.0;5434.0;86944.0;104000.0;86944.0;86944.0;17056.0;0.836;0.164;IMPORT;IMPORT;0.85;peinture|IMPORT
OBJ_00216;Split mural;LOT_CVC;default;BAT_01;N3;OK;1.0;450000.0;450000.0;247500.0;376200.0;376200.0;376200.0;450000.0;376200.0;376200.0;73800.0;0.836;0.164;IMPORT;IMPORT;0.8;default|IMPORT
OBJ_00217;Spot LED encastré;LOT_ELEC;default;BAT_01;N3;OK;8.0;15000.0;120000.0;8250.0;12540.0;12540.0;100320.0;120000.0;100320.0;100320.0;19680.0;0.836;0.164;IMPORT;IMPORT;0.8;default|IMPORT
OBJ_00218;Prise 2P+T;LOT_ELEC;default;BAT_01;N3;OK;6.0;12000.0;72000.0;6600.0;10032.0;10032.0;60192.0;72000.0;60192.0;60192.0;11808.0;0.836;0.164;IMPORT;IMPORT;0.8;default|IMPORT
OBJ_00219;Carrelage 120x120;LOT_CAR;default;BAT_01;N3;OK;18.0;28000.0;504000.0;15400.0;23408.0;23408.0;421344.0;504000.0;421344.0;421344.0;82656.0;0.836;0.164;IMPORT;IMPORT;0.8;default|IMPORT
OBJ_00220;Faux plafond BA13;LOT_FP;default;BAT_01;N3;OK;18.0;18000.0;324000.0;9900.0;15048.0;15048.0;270864.0;324000.0;270864.0;270864.0;53136.0;0.836;0.164;IMPORT;IMPORT;0.8;default|IMPORT
OBJ_00221;Peinture satinée murs;LOT_PNT;peinture;BAT_01;N3;OK;18.0;6500.0;117000.0;3575.0;5434.0;5434.0;97812.0;117000.0;97812.0;97812.0;19188.0;0.836;0.164;IMPORT;IMPORT;0.85;peinture|IMPORT
OBJ_00222;Split mural;LOT_CVC;default;BAT_01;N3;OK;1.0;450000.0;450000.0;247500.0;376200.0;376200.0;376200.0;450000.0;376200.0;376200.0;73800.0;0.836;0.164;IMPORT;IMPORT;0.8;default|IMPORT
OBJ_00223;Spot LED encastré;LOT_ELEC;default;BAT_01;N3;OK;8.0;15000.0;120000.0;8250.0;12540.0;12540.0;100320.0;120000.0;100320.0;100320.0;19680.0;0.836;0.164;IMPORT;IMPORT;0.8;default|IMPORT
OBJ_00224;Prise 2P+T;LOT_ELEC;default;BAT_01;N3;OK;6.0;12000.0;72000.0;6600.0;10032.0;10032.0;60192.0;72000.0;60192.0;60192.0;11808.0;0.836;0.164;IMPORT;IMPORT;0.8;default|IMPORT
OBJ_00225;Carrelage 120x120;LOT_CAR;default;BAT_01;N3;OK;8.0;28000.0;224000.0;15400.0;23408.0;23408.0;187264.0;224000.0;187264.0;187264.0;36736.0;0.836;0.164;IMPORT;IMPORT;0.8;default|IMPORT
OBJ_00226;Faux plafond BA13;LOT_FP;default;BAT_01;N3;OK;8.0;18000.0;144000.0;9900.0;15048.0;15048.0;120384.0;144000.0;120384.0;120384.0;23616.0;0.836;0.164;IMPORT;IMPORT;0.8;default|IMPORT
OBJ_00227;Peinture satinée murs;LOT_PNT;peinture;BAT_01;N3;OK;8.0;6500.0;52000.0;3575.0;5434.0;5434.0;43472.0;52000.0;43472.0;43472.0;8528.0;0.836;0.164;IMPORT;IMPORT;0.85;peinture|IMPORT
OBJ_00228;Split mural;LOT_CVC;default;BAT_01;N3;OK;1.0;450000.0;450000.0;247500.0;376200.0;376200.0;376200.0;450000.0;376200.0;376200.0;73800.0;0.836;0.164;IMPORT;IMPORT;0.8;default|IMPORT
OBJ_00229;Spot LED encastré;LOT_ELEC;default;BAT_01;N3;OK;8.0;15000.0;120000.0;8250.0;12540.0;12540.0;100320.0;120000.0;100320.0;100320.0;19680.0;0.836;0.164;IMPORT;IMPORT;0.8;default|IMPORT
OBJ_00230;Prise 2P+T;LOT_ELEC;default;BAT_01;N3;OK;6.0;12000.0;72000.0;6600.0;10032.0;10032.0;60192.0;72000.0;60192.0;60192.0;11808.0;0.836;0.164;IMPORT;IMPORT;0.8;default|IMPORT
OBJ_00231;Carrelage 120x120;LOT_CAR;default;BAT_01;N3;OK;4.2;28000.0;117600.0;15400.0;23408.0;23408.0;98313.6;117600.0;98313.6;98313.6;19286.4;0.836;0.164;IMPORT;IMPORT;0.8;default|IMPORT
OBJ_00232;Faux plafond BA13;LOT_FP;default;BAT_01;N3;OK;4.2;18000.0;75600.0;9900.0;15048.0;15048.0;63201.6;75600.0;63201.6;63201.6;12398.4;0.836;0.164;IMPORT;IMPORT;0.8;default|IMPORT
OBJ_00233;Peinture satinée murs;LOT_PNT;peinture;BAT_01;N3;OK;4.2;6500.0;27300.0;3575.0;5434.0;5434.0;22822.8;27300.0;22822.8;22822.8;4477.2;0.836;0.164;IMPORT;IMPORT;0.85;peinture|IMPORT
OBJ_00234;Split mural;LOT_CVC;default;BAT_01;N3;OK;1.0;450000.0;450000.0;247500.0;376200.0;376200.0;376200.0;450000.0;376200.0;376200.0;73800.0;0.836;0.164;IMPORT;IMPORT;0.8;default|IMPORT
OBJ_00235;Spot LED encastré;LOT_ELEC;default;BAT_01;N3;OK;8.0;15000.0;120000.0;8250.0;12540.0;12540.0;100320.0;120000.0;100320.0;100320.0;19680.0;0.836;0.164;IMPORT;IMPORT;0.8;default|IMPORT
OBJ_00236;Prise 2P+T;LOT_ELEC;default;BAT_01;N3;OK;6.0;12000.0;72000.0;6600.0;10032.0;10032.0;60192.0;72000.0;60192.0;60192.0;11808.0;0.836;0.164;IMPORT;IMPORT;0.8;default|IMPORT
OBJ_00237;Carrelage 120x120;LOT_CAR;default;BAT_01;N3;OK;22.0;28000.0;616000.0;15400.0;23408.0;23408.0;514976.0;616000.0;514976.0;514976.0;101024.0;0.836;0.164;IMPORT;IMPORT;0.8;default|IMPORT
OBJ_00238;Faux plafond BA13;LOT_FP;default;BAT_01;N3;OK;22.0;18000.0;396000.0;9900.0;15048.0;15048.0;331056.0;396000.0;331056.0;331056.0;64944.0;0.836;0.164;IMPORT;IMPORT;0.8;default|IMPORT
OBJ_00239;Peinture satinée murs;LOT_PNT;peinture;BAT_01;N3;OK;22.0;6500.0;143000.0;3575.0;5434.0;5434.0;119548.0;143000.0;119548.0;119548.0;23452.0;0.836;0.164;IMPORT;IMPORT;0.85;peinture|IMPORT
OBJ_00240;Split mural;LOT_CVC;default;BAT_01;N3;OK;1.0;450000.0;450000.0;247500.0;376200.0;376200.0;376200.0;450000.0;376200.0;376200.0;73800.0;0.836;0.164;IMPORT;IMPORT;0.8;default|IMPORT
OBJ_00241;Spot LED encastré;LOT_ELEC;default;BAT_01;N3;OK;24.0;15000.0;360000.0;8250.0;12540.0;12540.0;300960.0;360000.0;300960.0;300960.0;59040.0;0.836;0.164;IMPORT;IMPORT;0.8;default|IMPORT
OBJ_00242;Prise 2P+T;LOT_ELEC;default;BAT_01;N3;OK;18.0;12000.0;216000.0;6600.0;10032.0;10032.0;180576.0;216000.0;180576.0;180576.0;35424.0;0.836;0.164;IMPORT;IMPORT;0.8;default|IMPORT
OBJ_00243;Carrelage 120x120;LOT_CAR;default;BAT_01;N3;OK;70.0;28000.0;1960000.0;15400.0;23408.0;23408.0;1638560.0;1960000.0;1638560.0;1638560.0;321440.0;0.836;0.164;IMPORT;IMPORT;0.8;default|IMPORT
OBJ_00244;Faux plafond BA13;LOT_FP;default;BAT_01;N3;OK;70.0;18000.0;1260000.0;9900.0;15048.0;15048.0;1053360.0;1260000.0;1053360.0;1053360.0;206640.0;0.836;0.164;IMPORT;IMPORT;0.8;default|IMPORT
OBJ_00245;Peinture satinée murs;LOT_PNT;peinture;BAT_01;N3;OK;70.0;6500.0;455000.0;3575.0;5434.0;5434.0;380380.0;455000.0;380380.0;380380.0;74620.0;0.836;0.164;IMPORT;IMPORT;0.85;peinture|IMPORT
OBJ_00246;Split mural;LOT_CVC;default;BAT_01;N3;OK;1.0;450000.0;450000.0;247500.0;376200.0;376200.0;376200.0;450000.0;376200.0;376200.0;73800.0;0.836;0.164;IMPORT;IMPORT;0.8;default|IMPORT
OBJ_00247;Spot LED encastré;LOT_ELEC;default;BAT_01;N3;OK;8.0;15000.0;120000.0;8250.0;12540.0;12540.0;100320.0;120000.0;100320.0;100320.0;19680.0;0.836;0.164;IMPORT;IMPORT;0.8;default|IMPORT
OBJ_00248;Prise 2P+T;LOT_ELEC;default;BAT_01;N3;OK;6.0;12000.0;72000.0;6600.0;10032.0;10032.0;60192.0;72000.0;60192.0;60192.0;11808.0;0.836;0.164;IMPORT;IMPORT;0.8;default|IMPORT
OBJ_00249;Carrelage 120x120;LOT_CAR;default;BAT_01;N3;OK;18.0;28000.0;504000.0;15400.0;23408.0;23408.0;421344.0;504000.0;421344.0;421344.0;82656.0;0.836;0.164;IMPORT;IMPORT;0.8;default|IMPORT
OBJ_00250;Faux plafond BA13;LOT_FP;default;BAT_01;N3;OK;18.0;18000.0;324000.0;9900.0;15048.0;15048.0;270864.0;324000.0;270864.0;270864.0;53136.0;0.836;0.164;IMPORT;IMPORT;0.8;default|IMPORT
OBJ_00251;Peinture satinée murs;LOT_PNT;peinture;BAT_01;N3;OK;18.0;6500.0;117000.0;3575.0;5434.0;5434.0;97812.0;117000.0;97812.0;97812.0;19188.0;0.836;0.164;IMPORT;IMPORT;0.85;peinture|IMPORT
OBJ_00252;Split mural;LOT_CVC;default;BAT_01;N3;OK;1.0;450000.0;450000.0;247500.0;376200.0;376200.0;376200.0;450000.0;376200.0;376200.0;73800.0;0.836;0.164;IMPORT;IMPORT;0.8;default|IMPORT
OBJ_00253;Spot LED encastré;LOT_ELEC;default;BAT_01;N3;OK;8.0;15000.0;120000.0;8250.0;12540.0;12540.0;100320.0;120000.0;100320.0;100320.0;19680.0;0.836;0.164;IMPORT;IMPORT;0.8;default|IMPORT
OBJ_00254;Prise 2P+T;LOT_ELEC;default;BAT_01;N3;OK;6.0;12000.0;72000.0;6600.0;10032.0;10032.0;60192.0;72000.0;60192.0;60192.0;11808.0;0.836;0.164;IMPORT;IMPORT;0.8;default|IMPORT
OBJ_00255;Carrelage 120x120;LOT_CAR;default;BAT_01;N3;OK;27.0;28000.0;756000.0;15400.0;23408.0;23408.0;632016.0;756000.0;632016.0;632016.0;123984.0;0.836;0.164;IMPORT;IMPORT;0.8;default|IMPORT
OBJ_00256;Faux plafond BA13;LOT_FP;default;BAT_01;N3;OK;27.0;18000.0;486000.0;9900.0;15048.0;15048.0;406296.0;486000.0;406296.0;406296.0;79704.0;0.836;0.164;IMPORT;IMPORT;0.8;default|IMPORT
OBJ_00257;Peinture satinée murs;LOT_PNT;peinture;BAT_01;N3;OK;27.0;6500.0;175500.0;3575.0;5434.0;5434.0;146718.0;175500.0;146718.0;146718.0;28782.0;0.836;0.164;IMPORT;IMPORT;0.85;peinture|IMPORT
OBJ_00258;Split mural;LOT_CVC;default;BAT_01;N3;OK;1.0;450000.0;450000.0;247500.0;376200.0;376200.0;376200.0;450000.0;376200.0;376200.0;73800.0;0.836;0.164;IMPORT;IMPORT;0.8;default|IMPORT
OBJ_00259;Spot LED encastré;LOT_ELEC;default;BAT_01;N3;OK;8.0;15000.0;120000.0;8250.0;12540.0;12540.0;100320.0;120000.0;100320.0;100320.0;19680.0;0.836;0.164;IMPORT;IMPORT;0.8;default|IMPORT
OBJ_00260;Prise 2P+T;LOT_ELEC;default;BAT_01;N3;OK;6.0;12000.0;72000.0;6600.0;10032.0;10032.0;60192.0;72000.0;60192.0;60192.0;11808.0;0.836;0.164;IMPORT;IMPORT;0.8;default|IMPORT
OBJ_00261;Carrelage 120x120;LOT_CAR;default;BAT_01;N3;OK;16.0;28000.0;448000.0;15400.0;23408.0;23408.0;374528.0;448000.0;374528.0;374528.0;73472.0;0.836;0.164;IMPORT;IMPORT;0.8;default|IMPORT
OBJ_00262;Faux plafond BA13;LOT_FP;default;BAT_01;N3;OK;16.0;18000.0;288000.0;9900.0;15048.0;15048.0;240768.0;288000.0;240768.0;240768.0;47232.0;0.836;0.164;IMPORT;IMPORT;0.8;default|IMPORT
OBJ_00263;Peinture satinée murs;LOT_PNT;peinture;BAT_01;N3;OK;16.0;6500.0;104000.0;3575.0;5434.0;5434.0;86944.0;104000.0;86944.0;86944.0;17056.0;0.836;0.164;IMPORT;IMPORT;0.85;peinture|IMPORT
OBJ_00264;Split mural;LOT_CVC;default;BAT_01;N3;OK;1.0;450000.0;450000.0;247500.0;376200.0;376200.0;376200.0;450000.0;376200.0;376200.0;73800.0;0.836;0.164;IMPORT;IMPORT;0.8;default|IMPORT
OBJ_00265;Spot LED encastré;LOT_ELEC;default;BAT_01;N3;OK;8.0;15000.0;120000.0;8250.0;12540.0;12540.0;100320.0;120000.0;100320.0;100320.0;19680.0;0.836;0.164;IMPORT;IMPORT;0.8;default|IMPORT
OBJ_00266;Prise 2P+T;LOT_ELEC;default;BAT_01;N3;OK;6.0;12000.0;72000.0;6600.0;10032.0;10032.0;60192.0;72000.0;60192.0;60192.0;11808.0;0.836;0.164;IMPORT;IMPORT;0.8;default|IMPORT
OBJ_00267;Carrelage 120x120;LOT_CAR;default;BAT_01;N3;OK;18.0;28000.0;504000.0;15400.0;23408.0;23408.0;421344.0;504000.0;421344.0;421344.0;82656.0;0.836;0.164;IMPORT;IMPORT;0.8;default|IMPORT
OBJ_00268;Faux plafond BA13;LOT_FP;default;BAT_01;N3;OK;18.0;18000.0;324000.0;9900.0;15048.0;15048.0;270864.0;324000.0;270864.0;270864.0;53136.0;0.836;0.164;IMPORT;IMPORT;0.8;default|IMPORT
OBJ_00269;Peinture satinée murs;LOT_PNT;peinture;BAT_01;N3;OK;18.0;6500.0;117000.0;3575.0;5434.0;5434.0;97812.0;117000.0;97812.0;97812.0;19188.0;0.836;0.164;IMPORT;IMPORT;0.85;peinture|IMPORT
OBJ_00270;Split mural;LOT_CVC;default;BAT_01;N3;OK;1.0;450000.0;450000.0;247500.0;376200.0;376200.0;376200.0;450000.0;376200.0;376200.0;73800.0;0.836;0.164;IMPORT;IMPORT;0.8;default|IMPORT
OBJ_00271;Spot LED encastré;LOT_ELEC;default;BAT_01;N3;OK;8.0;15000.0;120000.0;8250.0;12540.0;12540.0;100320.0;120000.0;100320.0;100320.0;19680.0;0.836;0.164;IMPORT;IMPORT;0.8;default|IMPORT
OBJ_00272;Prise 2P+T;LOT_ELEC;default;BAT_01;N3;OK;6.0;12000.0;72000.0;6600.0;10032.0;10032.0;60192.0;72000.0;60192.0;60192.0;11808.0;0.836;0.164;IMPORT;IMPORT;0.8;default|IMPORT
OBJ_00273;Carrelage 120x120;LOT_CAR;default;BAT_01;N3;OK;8.0;28000.0;224000.0;15400.0;23408.0;23408.0;187264.0;224000.0;187264.0;187264.0;36736.0;0.836;0.164;IMPORT;IMPORT;0.8;default|IMPORT
OBJ_00274;Faux plafond BA13;LOT_FP;default;BAT_01;N3;OK;8.0;18000.0;144000.0;9900.0;15048.0;15048.0;120384.0;144000.0;120384.0;120384.0;23616.0;0.836;0.164;IMPORT;IMPORT;0.8;default|IMPORT
OBJ_00275;Peinture satinée murs;LOT_PNT;peinture;BAT_01;N3;OK;8.0;6500.0;52000.0;3575.0;5434.0;5434.0;43472.0;52000.0;43472.0;43472.0;8528.0;0.836;0.164;IMPORT;IMPORT;0.85;peinture|IMPORT
OBJ_00276;Split mural;LOT_CVC;default;BAT_01;N3;OK;1.0;450000.0;450000.0;247500.0;376200.0;376200.0;376200.0;450000.0;376200.0;376200.0;73800.0;0.836;0.164;IMPORT;IMPORT;0.8;default|IMPORT
OBJ_00277;Spot LED encastré;LOT_ELEC;default;BAT_01;N3;OK;8.0;15000.0;120000.0;8250.0;12540.0;12540.0;100320.0;120000.0;100320.0;100320.0;19680.0;0.836;0.164;IMPORT;IMPORT;0.8;default|IMPORT
OBJ_00278;Prise 2P+T;LOT_ELEC;default;BAT_01;N3;OK;6.0;12000.0;72000.0;6600.0;10032.0;10032.0;60192.0;72000.0;60192.0;60192.0;11808.0;0.836;0.164;IMPORT;IMPORT;0.8;default|IMPORT
OBJ_00279;Carrelage 120x120;LOT_CAR;default;BAT_01;N3;OK;4.2;28000.0;117600.0;15400.0;23408.0;23408.0;98313.6;117600.0;98313.6;98313.6;19286.4;0.836;0.164;IMPORT;IMPORT;0.8;default|IMPORT
OBJ_00280;Faux plafond BA13;LOT_FP;default;BAT_01;N3;OK;4.2;18000.0;75600.0;9900.0;15048.0;15048.0;63201.6;75600.0;63201.6;63201.6;12398.4;0.836;0.164;IMPORT;IMPORT;0.8;default|IMPORT
OBJ_00281;Peinture satinée murs;LOT_PNT;peinture;BAT_01;N3;OK;4.2;6500.0;27300.0;3575.0;5434.0;5434.0;22822.8;27300.0;22822.8;22822.8;4477.2;0.836;0.164;IMPORT;IMPORT;0.85;peinture|IMPORT
OBJ_00282;Split mural;LOT_CVC;default;BAT_01;N3;OK;1.0;450000.0;450000.0;247500.0;376200.0;376200.0;376200.0;450000.0;376200.0;376200.0;73800.0;0.836;0.164;IMPORT;IMPORT;0.8;default|IMPORT
OBJ_00283;Spot LED encastré;LOT_ELEC;default;BAT_01;N3;OK;8.0;15000.0;120000.0;8250.0;12540.0;12540.0;100320.0;120000.0;100320.0;100320.0;19680.0;0.836;0.164;IMPORT;IMPORT;0.8;default|IMPORT
OBJ_00284;Prise 2P+T;LOT_ELEC;default;BAT_01;N3;OK;6.0;12000.0;72000.0;6600.0;10032.0;10032.0;60192.0;72000.0;60192.0;60192.0;11808.0;0.836;0.164;IMPORT;IMPORT;0.8;default|IMPORT
OBJ_00285;Carrelage 120x120;LOT_CAR;default;BAT_01;N3;OK;22.0;28000.0;616000.0;15400.0;23408.0;23408.0;514976.0;616000.0;514976.0;514976.0;101024.0;0.836;0.164;IMPORT;IMPORT;0.8;default|IMPORT
OBJ_00286;Faux plafond BA13;LOT_FP;default;BAT_01;N3;OK;22.0;18000.0;396000.0;9900.0;15048.0;15048.0;331056.0;396000.0;331056.0;331056.0;64944.0;0.836;0.164;IMPORT;IMPORT;0.8;default|IMPORT
OBJ_00287;Peinture satinée murs;LOT_PNT;peinture;BAT_01;N3;OK;22.0;6500.0;143000.0;3575.0;5434.0;5434.0;119548.0;143000.0;119548.0;119548.0;23452.0;0.836;0.164;IMPORT;IMPORT;0.85;peinture|IMPORT
OBJ_00288;Split mural;LOT_CVC;default;BAT_01;N3;OK;1.0;450000.0;450000.0;247500.0;376200.0;376200.0;376200.0;450000.0;376200.0;376200.0;73800.0;0.836;0.164;IMPORT;IMPORT;0.8;default|IMPORT
OBJ_TOIT_001;Bac acier isolé;LOT_TOIT;gros_oeuvre;BAT_01;TOITURE;OK;550.0;42000.0;23100000.0;25410.0;38623.2;38623.2;21242760.0;23100000.0;21242760.0;21242760.0;1857240.0;0.9196;0.0804;IMPORT;IMPORT;0.85;gros_oeuvre|IMPORT
OBJ_SOL_001;Panneaux photovoltaïques;LOT_SOL;plomberie;BAT_01;TOITURE;PRIX_UNITAIRE_INVALIDE|PRIX_TOTAL_INVALIDE;60.0;0;0;0;0;0;0;0;0;0;0;0;0;LOCAL;LOCAL;0.8;plomberie|LOCAL
